{
  "daisy": {
    "precision": 0.8909090909090909,
    "recall": 0.8521739130434782,
    "f1-score": 0.8711111111111111,
    "support": 115.0
  },
  "dandelion": {
    "precision": 0.8562874251497006,
    "recall": 0.9050632911392406,
    "f1-score": 0.88,
    "support": 158.0
  },
  "rose": {
    "precision": 0.8672566371681416,
    "recall": 0.8305084745762712,
    "f1-score": 0.8484848484848485,
    "support": 118.0
  },
  "sunflower": {
    "precision": 0.8899082568807339,
    "recall": 0.8818181818181818,
    "f1-score": 0.8858447488584474,
    "support": 110.0
  },
  "tulip": {
    "precision": 0.8266666666666667,
    "recall": 0.8378378378378378,
    "f1-score": 0.8322147651006712,
    "support": 148.0
  },
  "accuracy": 0.8628659476117103,
  "macro avg": {
    "precision": 0.8662056153548668,
    "recall": 0.861480339683002,
    "f1-score": 0.8635310947110156,
    "support": 649.0
  },
  "weighted avg": {
    "precision": 0.8633602723229372,
    "recall": 0.8628659476117103,
    "f1-score": 0.8627884399203674,
    "support": 649.0
  }
}