{"accuracy": [0.473666787147522, 0.5379264950752258, 0.5687313675880432, 0.6028486490249634, 0.6117919683456421, 0.6303411722183228, 0.6459092497825623, 0.6455780267715454, 0.6508777737617493, 0.6614773273468018, 0.6720768213272095, 0.6717455983161926, 0.6671082973480225, 0.6773766279220581, 0.7005630731582642, 0.7207684516906738, 0.7164624333381653, 0.7217621803283691, 0.723749577999115, 0.7452799081802368, 0.7422987818717957, 0.733686625957489], "loss": [1.2502243518829346, 1.1101237535476685, 1.0562623739242554, 0.9853681921958923, 0.9861480593681335, 0.9492393732070923, 0.9057828783988953, 0.8780328035354614, 0.8798853158950806, 0.8471313118934631, 0.8363824486732483, 0.8400375247001648, 0.8332036733627319, 0.8137645125389099, 0.7692925333976746, 0.7345671653747559, 0.731479287147522, 0.7113432884216309, 0.703113853931427, 0.6898351311683655, 0.6724889278411865, 0.6830623149871826], "val_accuracy": [0.24961479008197784, 0.2465331256389618, 0.24345146119594574, 0.2573189437389374, 0.27426809072494507, 0.3281972408294678, 0.3420647084712982, 0.4930662512779236, 0.5901386737823486, 0.5747303366661072, 0.6671802997589111, 0.6486902832984924, 0.6209552884101868, 0.6132511496543884, 0.6517719626426697, 0.7180277109146118, 0.7211093902587891, 0.614791989326477, 0.7041602730751038, 0.6764252781867981, 0.7180277109146118, 0.7072418928146362], "val_loss": [1.6185224056243896, 1.9248765707015991, 2.3219094276428223, 2.102055788040161, 2.1735944747924805, 1.8324973583221436, 1.813782811164856, 1.2730331420898438, 1.020817756652832, 0.9839711785316467, 0.874849796295166, 0.9209994673728943, 0.89762943983078, 1.1123380661010742, 0.9433069229125977, 0.7439414262771606, 0.7502471804618835, 1.0701459646224976, 0.7943839430809021, 0.8579893708229065, 0.7694447040557861, 0.8189034461975098], "learning_rate": [0.0010000000474974513, 0.0010000000474974513, 0.0010000000474974513, 0.0010000000474974513, 0.0010000000474974513, 0.0010000000474974513, 0.0010000000474974513, 0.0010000000474974513, 0.0010000000474974513, 0.0010000000474974513, 0.0010000000474974513, 0.0010000000474974513, 0.0010000000474974513, 0.0010000000474974513, 0.0003000000142492354, 0.0003000000142492354, 0.0003000000142492354, 0.0003000000142492354, 0.0003000000142492354, 0.0003000000142492354, 9.000000136438757e-05, 9.000000136438757e-05]}