{"accuracy": [0.6863199472427368, 0.8194766640663147, 0.8323948383331299, 0.8420006632804871, 0.8572375178337097, 0.8628684878349304, 0.8628684878349304, 0.8860549926757812, 0.8870487213134766, 0.8979794383049011, 0.8930109143257141, 0.9029480218887329, 0.9016230702400208, 0.9026167392730713, 0.9069228172302246, 0.9075853228569031, 0.9042729139328003], "loss": [0.8496585488319397, 0.4876248836517334, 0.44951215386390686, 0.4061141014099121, 0.37653160095214844, 0.3692726790904999, 0.3442447781562805, 0.31970325112342834, 0.29520657658576965, 0.27374503016471863, 0.30073994398117065, 0.26745709776878357, 0.26195028424263, 0.2558238208293915, 0.24081628024578094, 0.24362848699092865, 0.24950025975704193], "val_accuracy": [0.8166409730911255, 0.8382126092910767, 0.8505392670631409, 0.8474576473236084, 0.8567026257514954, 0.8505392670631409, 0.8721109628677368, 0.8505392670631409, 0.8705701231956482, 0.8721109628677368, 0.867488443851471, 0.867488443851471, 0.8813559412956238, 0.8751925826072693, 0.8782742619514465, 0.8751925826072693, 0.8767334222793579], "val_loss": [0.4773808419704437, 0.4502362608909607, 0.39419761300086975, 0.4102860689163208, 0.39078348875045776, 0.4064110517501831, 0.3884930908679962, 0.38884279131889343, 0.39202868938446045, 0.37882474064826965, 0.38023102283477783, 0.3779044449329376, 0.3699479401111603, 0.3728630542755127, 0.3686661422252655, 0.368644654750824, 0.36913877725601196], "learning_rate": [0.0010000000474974513, 0.0010000000474974513, 0.0010000000474974513, 0.0010000000474974513, 0.0010000000474974513, 0.0010000000474974513, 0.0010000000474974513, 0.0010000000474974513, 0.0010000000474974513, 0.0003000000142492354, 9.999999747378752e-06, 9.999999747378752e-06, 2.9999998787388904e-06, 2.9999998787388904e-06, 2.9999998787388904e-06, 8.999999749903509e-07, 8.999999749903509e-07]}